<?xml version="1.0" encoding="UTF-8"?>
<project-private xmlns="http://www.netbeans.org/ns/project-private/1">
    <editor-bookmarks xmlns="http://www.netbeans.org/ns/editor-bookmarks/2" lastBookmarkId="0"/>
    <open-files xmlns="http://www.netbeans.org/ns/projectui-open-files/2">
        <group>
            <file>file:/D:/Code/Java/CoffeeGUI/src/Toppings.java</file>
            <file>file:/D:/Code/Java/CoffeeGUI/src/CartItem.java</file>
            <file>file:/D:/Code/Java/CoffeeGUI/src/FXMLDocumentController.java</file>
            <file>file:/D:/Code/Java/CoffeeGUI/src/FXMLExample.java</file>
            <file>file:/D:/Code/Java/CoffeeGUI/src/TimeAndDate.java</file>
        </group>
    </open-files>
</project-private>
