<?xml version="1.0" encoding="UTF-8"?>
<project-private xmlns="http://www.netbeans.org/ns/project-private/1">
    <editor-bookmarks xmlns="http://www.netbeans.org/ns/editor-bookmarks/2" lastBookmarkId="0"/>
    <open-files xmlns="http://www.netbeans.org/ns/projectui-open-files/2">
        <group>
            <file>file:/F:/UPJ%20-%20Spring%20(Senior)/Software%20Engineering/Scrum%20Project%201/CoffeeGUI/src/FXMLExample.java</file>
            <file>file:/F:/UPJ%20-%20Spring%20(Senior)/Software%20Engineering/Scrum%20Project%201/CoffeeGUI/src/FXMLDocumentController.java</file>
        </group>
    </open-files>
</project-private>
